549335,Esta,Rolfson,Male,02/03/1980,5203003,Bahrain
555829,Johnathan,Daugherty,Male,29/12/1985,5203001,Bahrain
517369,Darrell,Bahringer,Female,27/06/1981,5203003,Nigeria
597714,Lacy,Paucek,Male,21/09/1986,5203003,Azerbaijan
560625,Sheldon,Price,Male,20/12/1984,5203004,Serbia
563332,Bettie,Keeling,Male,30/03/1987,5203002,Canada
581235,Victor,Roob,Male,21/01/1982,5203001,Greenland
529436,Patrick,Vandervort,Female,07/12/1984,5203001,Montenegro
554167,Sunny,Bogisich,Female,03/07/1986,5203003,Azerbaijan
582871,Raina,Dietrich,Male,24/05/1983,5203004,Sweden