580365,Marc,Gleason,Female,11/02/1983,5203001,Azerbaijan
564255,Marietta,Wuckert,Female,30/01/1983,5203001,Montenegro
524985,Abbigail,Roberts,Female,15/01/1983,5203001,Nigeria
520969,Margaret,Brekke,Male,15/04/1984,5203001,Austria
511111,Melyna,Jakubowski,Female,17/04/1985,5203001,Chile
570635,Bobby,White,Male,27/01/1982,5203001,Uzbekistan
505275,Augustine,Turner,Female,03/09/1980,5203001,Eritrea
523603,Dagmar,Turcotte,Male,12/07/1985,5203001,Poland
526982,Romaine,Pacocha,Male,09/05/1980,5203001,Monaco
575011,Kiara,Grant,Male,19/05/1984,5203001,Montenegro
561950,Margret,Schneider,Male,22/10/1983,5203001,Canada
525067,Kristopher,Lueilwitz,Male,23/01/1987,5203001,Chile
512737,Jacques,Gusikowski,Male,20/11/1985,5203001,Indonesia
598898,Taya,Gutmann,Female,16/07/1983,5203001,Ethiopia
520103,Adrien,Wolf,Female,17/01/1988,5203001,Poland
544782,Kevon,Shields,Male,11/01/1984,5203001,Indonesia
564309,Erin,Kilback,Female,13/05/1984,5203001,Uzbekistan
573553,Maida,Grady,Female,23/11/1986,5203001,Chile
545691,Justice,Toy,Male,29/07/1981,5203001,Mexico
519230,Lysanne,Gislason,Female,09/01/1985,5203001,Canada
579484,Brycen,Brown,Female,09/10/1985,5203001,Serbia
590130,Freda,Parker,Male,05/12/1983,5203001,Azerbaijan
584944,Desmond,Ondricka,Male,03/07/1981,5203001,Ethiopia
508204,Alva,Sawayn,Female,31/03/1983,5203001,Ethiopia
581235,Victor,Roob,Male,21/01/1982,5203001,Greenland
560624,Saige,Collier,Male,27/05/1987,5203001,Singapore
523609,Blake,Huel,Male,03/09/1982,5203001,Uzbekistan
560601,Nola,Mraz,Male,21/07/1985,5203001,Azerbaijan
519098,Christop,Satterfield,Female,21/06/1981,5203001,Chile
554919,Sylvia,Kreiger,Female,07/06/1987,5203001,Cuba
598144,Jammie,Hartmann,Male,16/12/1980,5203001,Uzbekistan
579099,Elouise,Yost,Female,28/11/1984,5203001,Chile
528283,Otilia,Kessler,Male,27/07/1984,5203001,Greenland
593945,Braxton,Kohler,Male,04/04/1982,5203001,Azerbaijan
577166,Caitlyn,Balistreri,Female,19/01/1985,5203001,Indonesia
529436,Patrick,Vandervort,Female,07/12/1984,5203001,Montenegro
564371,Susana,McClure,Male,08/07/1982,5203001,Austria
540856,Danyka,Weissnat,Female,10/12/1981,5203001,Chile
505807,Axel,Denesik,Male,07/02/1984,5203001,Eritrea
505252,Ayden,Smith,Male,27/08/1984,5203001,Zambia
570263,Delfina,Ortiz,Female,12/10/1985,5203001,Mexico
550394,Eladio,Kilback,Male,03/10/1982,5203001,Chile
555829,Johnathan,Daugherty,Male,29/12/1985,5203001,Bahrain
549793,Alberto,Kub,Female,03/10/1984,5203001,Ethiopia
595235,Carlo,Mueller,Male,20/05/1982,5203001,Monaco
521167,Kelton,Hagenes,Male,06/07/1985,5203001,Austria
526533,Giovanna,Pollich,Male,29/05/1981,5203001,Singapore
515643,Damion,Dach,Female,03/06/1981,5203001,Nigeria
581784,Karianne,Kessler,Male,24/01/1985,5203001,Ethiopia
597778,Mylene,Bartell,Female,20/01/1984,5203001,Azerbaijan
564515,Price,Brakus,Female,31/07/1987,5203001,Eritrea
535460,Dax,Bergnaum,Female,11/06/1983,5203001,Serbia
525993,Noelia,Treutel,Male,27/09/1981,5203001,India
580579,Kacey,Robel,Female,24/07/1983,5203001,Bahrain
583147,Telly,Reinger,Male,03/04/1982,5203001,Singapore
548407,Margarett,Reinger,Male,23/07/1983,5203001,Panama
537536,Colin,Feil,Female,02/05/1984,5203001,Poland