587060,Daphney,Will,Female,26/05/1982,5203002,Canada
561950,Margret,Schneider,Male,22/10/1983,5203001,Canada
563332,Bettie,Keeling,Male,30/03/1987,5203002,Canada
519230,Lysanne,Gislason,Female,9/1/85,5203001,Canada
581940,Gerald,Weissnat,Male,20/09/1984,5203002,Canada
515401,Darrel,Pacocha,Female,22/07/1980,5203004,Canada
567804,Cecile,Cruickshank,Female,2/4/81,5203002,Canada
548970,Lazaro,Luettgen,Male,24/05/1983,5203004,Canada
511086,Kyla,Shanahan,Male,10/4/86,5203002,Canada
576705,Garett,Wiegand,Female,29/01/1982,5203004,Canada